<application>
  <component name="FileTypeManager" version="18">
    <extensionMap>
      <mapping pattern="ConfirmWithNoteDialog.tsx" type="AUTO_DETECTED" />
      <mapping pattern="20190514100009-alter-custom-salary-line-to-organization-add-fixed" type="JavaScript" />
      <mapping pattern="20190910142319-rename-amount" type="PLAIN_TEXT" />
      <mapping pattern="GraphqlAwareWebTestClientSortOf.java" type="PLAIN_TEXT" />
      <mapping pattern="GetToken" type="PLAIN_TEXT" />
      <mapping pattern="sdf" type="PLAIN_TEXT" />
      <mapping pattern=".lein-repl-history" type="PLAIN_TEXT" />
      <mapping ext="pegjs" type="PLAIN_TEXT" />
      <mapping ext="mockmaker" type="PLAIN_TEXT" />
      <mapping ext="woff2" type="PLAIN_TEXT" />
      <mapping ext="js_d" type="PLAIN_TEXT" />
      <mapping ext="dump" type="PLAIN_TEXT" />
      <mapping ext="graphql_orig" type="PLAIN_TEXT" />
      <mapping ext="plantuml" type="PlantUML file" />
      <removed_mapping ext="apk" approved="true" type="ARCHIVE" />
      <removed_mapping ext="ignore" approved="true" type="IgnoreLang file" />
      <removed_mapping ext="psd" approved="true" type="Image" />
      <removed_mapping ext="rs" approved="true" type="Android RenderScript" />
      <mapping ext="gradle.kts" type="Kotlin" />
      <mapping ext="main.kts" type="Kotlin" />
      <mapping ext="space.kts" type="Kotlin" />
    </extensionMap>
  </component>
</application>