<keymap version="1" name="Mac OS X 10.5+ copy" parent="Mac OS X 10.5+">
  <action id="ActivateDatabaseConsoleToolWindow">
    <keyboard-shortcut first-keystroke="meta 6" />
  </action>
  <action id="ActivateDatabaseToolWindow">
    <keyboard-shortcut first-keystroke="meta 8" />
  </action>
  <action id="ActivateFindToolWindow" />
  <action id="ActivateGraphQLToolWindow">
    <keyboard-shortcut first-keystroke="meta 0" />
  </action>
  <action id="ActivateMavenToolWindow">
    <keyboard-shortcut first-keystroke="meta 6" />
  </action>
  <action id="ActivateMessagesToolWindow" />
  <action id="ActivateProblemsViewToolWindow" />
  <action id="ActivateTODOToolWindow" />
  <action id="ActivateTerminalToolWindow">
    <keyboard-shortcut first-keystroke="alt f12" />
    <keyboard-shortcut first-keystroke="meta 3" />
    <keyboard-shortcut first-keystroke="shift ctrl h" />
  </action>
  <action id="Back">
    <keyboard-shortcut first-keystroke="meta alt left" />
    <mouse-shortcut keystroke="button4" />
  </action>
  <action id="BaseOnThisFunction" />
  <action id="ChangesView.Move" />
  <action id="ChooseRunConfiguration">
    <keyboard-shortcut first-keystroke="ctrl alt s" />
  </action>
  <action id="CloseProject">
    <keyboard-shortcut first-keystroke="shift meta w" />
  </action>
  <action id="DatabaseView.PropertiesAction" />
  <action id="EditorScrollToCenter" />
  <action id="ExportToTextFile" />
  <action id="FileChooser.GotoModule" />
  <action id="FocusEditor">
    <keyboard-shortcut first-keystroke="escape" />
    <keyboard-shortcut first-keystroke="ctrl a" second-keystroke="l" />
  </action>
  <action id="Forward">
    <keyboard-shortcut first-keystroke="meta alt right" />
    <mouse-shortcut keystroke="button5" />
  </action>
  <action id="GuiDesigner.CreateListener" />
  <action id="Jdbc.OpenConsole.New.Generate">
    <keyboard-shortcut first-keystroke="shift alt n" />
  </action>
  <action id="MethodHierarchy.OverrideMethodAction" />
  <action id="MoveEditorToOppositeTabGroup">
    <keyboard-shortcut first-keystroke="ctrl o" />
  </action>
  <action id="NextProjectWindow">
    <keyboard-shortcut first-keystroke="shift meta close_bracket" />
  </action>
  <action id="NextTab">
    <keyboard-shortcut first-keystroke="ctrl right" />
    <keyboard-shortcut first-keystroke="meta close_bracket" />
  </action>
  <action id="OverrideMethods" />
  <action id="PrevSplitter">
    <keyboard-shortcut first-keystroke="shift alt tab" />
    <keyboard-shortcut first-keystroke="ctrl h" />
    <keyboard-shortcut first-keystroke="ctrl l" />
  </action>
  <action id="PreviousProjectWindow">
    <keyboard-shortcut first-keystroke="shift meta open_bracket" />
  </action>
  <action id="PreviousTab">
    <keyboard-shortcut first-keystroke="ctrl left" />
    <keyboard-shortcut first-keystroke="meta open_bracket" />
  </action>
  <action id="RecentProjectListGroup">
    <keyboard-shortcut first-keystroke="shift meta i" />
  </action>
  <action id="Run">
    <keyboard-shortcut first-keystroke="ctrl s" />
  </action>
  <action id="ShowPopupMenu">
    <keyboard-shortcut first-keystroke="meta alt semicolon" />
  </action>
  <action id="Terminal.MoveToolWindowTabLeft">
    <keyboard-shortcut first-keystroke="shift meta left" />
    <keyboard-shortcut first-keystroke="ctrl j" />
  </action>
  <action id="Terminal.OpenInTerminal">
    <keyboard-shortcut first-keystroke="shift meta m" />
  </action>
  <action id="Terminal.RenameSession">
    <keyboard-shortcut first-keystroke="meta i" />
  </action>
  <action id="Terminal.SwitchFocusToEditor" />
  <action id="TypeHierarchy" />
  <action id="TypeHierarchy.BaseOnThisType" />
  <action id="TypeHierarchyBase.BaseOnThisType" />
  <action id="Vcs.MoveChangedLinesToChangelist" />
  <action id="tasks.goto" />
</keymap>